IID	FID	SUPERPOP	DATASET	ASSAY	BUILD
HG00403	NA	EAS	1000g_phase3_wgs	WGS	GRCh38
HG00404	NA	EAS	1000g_phase3_wgs	WGS	GRCh38
HG00406	NA	EAS	1000g_phase3_wgs	WGS	GRCh38
HG00407	NA	EAS	1000g_phase3_wgs	WGS	GRCh38
HG00409	NA	EAS	1000g_phase3_wgs	WGS	GRCh38
HG00410	NA	EAS	1000g_phase3_wgs	WGS	GRCh38
HG00418	NA	EAS	1000g_phase3_wgs	WGS	GRCh38
HG00419	NA	EAS	1000g_phase3_wgs	WGS	GRCh38
HG00421	NA	EAS	1000g_phase3_wgs	WGS	GRCh38
HG00422	NA	EAS	1000g_phase3_wgs	WGS	GRCh38
HG00428	NA	EAS	1000g_phase3_wgs	WGS	GRCh38
HG00436	NA	EAS	1000g_phase3_wgs	WGS	GRCh38
HG00437	NA	EAS	1000g_phase3_wgs	WGS	GRCh38
HG00442	NA	EAS	1000g_phase3_wgs	WGS	GRCh38
HG00443	NA	EAS	1000g_phase3_wgs	WGS	GRCh38
HG00445	NA	EAS	1000g_phase3_wgs	WGS	GRCh38
HG00446	NA	EAS	1000g_phase3_wgs	WGS	GRCh38
HG00448	NA	EAS	1000g_phase3_wgs	WGS	GRCh38
HG00449	NA	EAS	1000g_phase3_wgs	WGS	GRCh38
HG00451	NA	EAS	1000g_phase3_wgs	WGS	GRCh38
HG00452	NA	EAS	1000g_phase3_wgs	WGS	GRCh38
HG00457	NA	EAS	1000g_phase3_wgs	WGS	GRCh38
HG00458	NA	EAS	1000g_phase3_wgs	WGS	GRCh38
HG00463	NA	EAS	1000g_phase3_wgs	WGS	GRCh38
HG00464	NA	EAS	1000g_phase3_wgs	WGS	GRCh38
HG00472	NA	EAS	1000g_phase3_wgs	WGS	GRCh38
HG00473	NA	EAS	1000g_phase3_wgs	WGS	GRCh38
HG00475	NA	EAS	1000g_phase3_wgs	WGS	GRCh38
HG00476	NA	EAS	1000g_phase3_wgs	WGS	GRCh38
HG00478	NA	EAS	1000g_phase3_wgs	WGS	GRCh38
HG00479	NA	EAS	1000g_phase3_wgs	WGS	GRCh38
HG00500	NA	EAS	1000g_phase3_wgs	WGS	GRCh38
HG00512	NA	EAS	1000g_phase3_wgs	WGS	GRCh38
HG00513	NA	EAS	1000g_phase3_wgs	WGS	GRCh38
HG00525	NA	EAS	1000g_phase3_wgs	WGS	GRCh38
HG00530	NA	EAS	1000g_phase3_wgs	WGS	GRCh38
HG00531	NA	EAS	1000g_phase3_wgs	WGS	GRCh38
HG00533	NA	EAS	1000g_phase3_wgs	WGS	GRCh38
HG00534	NA	EAS	1000g_phase3_wgs	WGS	GRCh38
HG00536	NA	EAS	1000g_phase3_wgs	WGS	GRCh38
HG00537	NA	EAS	1000g_phase3_wgs	WGS	GRCh38
HG00542	NA	EAS	1000g_phase3_wgs	WGS	GRCh38
HG00543	NA	EAS	1000g_phase3_wgs	WGS	GRCh38
HG00556	NA	EAS	1000g_phase3_wgs	WGS	GRCh38
HG00557	NA	EAS	1000g_phase3_wgs	WGS	GRCh38
HG00559	NA	EAS	1000g_phase3_wgs	WGS	GRCh38
HG00560	NA	EAS	1000g_phase3_wgs	WGS	GRCh38
HG00565	NA	EAS	1000g_phase3_wgs	WGS	GRCh38
HG00566	NA	EAS	1000g_phase3_wgs	WGS	GRCh38
HG00577	NA	EAS	1000g_phase3_wgs	WGS	GRCh38
HG00580	NA	EAS	1000g_phase3_wgs	WGS	GRCh38
HG00581	NA	EAS	1000g_phase3_wgs	WGS	GRCh38
HG00583	NA	EAS	1000g_phase3_wgs	WGS	GRCh38
HG00589	NA	EAS	1000g_phase3_wgs	WGS	GRCh38
HG00590	NA	EAS	1000g_phase3_wgs	WGS	GRCh38
HG00592	NA	EAS	1000g_phase3_wgs	WGS	GRCh38
HG00593	NA	EAS	1000g_phase3_wgs	WGS	GRCh38
HG00595	NA	EAS	1000g_phase3_wgs	WGS	GRCh38
HG00596	NA	EAS	1000g_phase3_wgs	WGS	GRCh38
HG00598	NA	EAS	1000g_phase3_wgs	WGS	GRCh38
HG00599	NA	EAS	1000g_phase3_wgs	WGS	GRCh38
HG00607	NA	EAS	1000g_phase3_wgs	WGS	GRCh38
HG00608	NA	EAS	1000g_phase3_wgs	WGS	GRCh38
HG00610	NA	EAS	1000g_phase3_wgs	WGS	GRCh38
HG00611	NA	EAS	1000g_phase3_wgs	WGS	GRCh38
HG00613	NA	EAS	1000g_phase3_wgs	WGS	GRCh38
HG00614	NA	EAS	1000g_phase3_wgs	WGS	GRCh38
HG00619	NA	EAS	1000g_phase3_wgs	WGS	GRCh38
HG00620	NA	EAS	1000g_phase3_wgs	WGS	GRCh38
HG00622	NA	EAS	1000g_phase3_wgs	WGS	GRCh38
HG00623	NA	EAS	1000g_phase3_wgs	WGS	GRCh38
HG00625	NA	EAS	1000g_phase3_wgs	WGS	GRCh38
HG00626	NA	EAS	1000g_phase3_wgs	WGS	GRCh38
HG00628	NA	EAS	1000g_phase3_wgs	WGS	GRCh38
HG00629	NA	EAS	1000g_phase3_wgs	WGS	GRCh38
HG00631	NA	EAS	1000g_phase3_wgs	WGS	GRCh38
HG00632	NA	EAS	1000g_phase3_wgs	WGS	GRCh38
HG00634	NA	EAS	1000g_phase3_wgs	WGS	GRCh38
HG00650	NA	EAS	1000g_phase3_wgs	WGS	GRCh38
HG00651	NA	EAS	1000g_phase3_wgs	WGS	GRCh38
HG00653	NA	EAS	1000g_phase3_wgs	WGS	GRCh38
HG00654	NA	EAS	1000g_phase3_wgs	WGS	GRCh38
HG00656	NA	EAS	1000g_phase3_wgs	WGS	GRCh38
HG00657	NA	EAS	1000g_phase3_wgs	WGS	GRCh38
HG00662	NA	EAS	1000g_phase3_wgs	WGS	GRCh38
HG00663	NA	EAS	1000g_phase3_wgs	WGS	GRCh38
HG00671	NA	EAS	1000g_phase3_wgs	WGS	GRCh38
HG00672	NA	EAS	1000g_phase3_wgs	WGS	GRCh38
HG00674	NA	EAS	1000g_phase3_wgs	WGS	GRCh38
HG00675	NA	EAS	1000g_phase3_wgs	WGS	GRCh38
HG00683	NA	EAS	1000g_phase3_wgs	WGS	GRCh38
HG00684	NA	EAS	1000g_phase3_wgs	WGS	GRCh38
HG00689	NA	EAS	1000g_phase3_wgs	WGS	GRCh38
HG00690	NA	EAS	1000g_phase3_wgs	WGS	GRCh38
HG00692	NA	EAS	1000g_phase3_wgs	WGS	GRCh38
HG00693	NA	EAS	1000g_phase3_wgs	WGS	GRCh38
HG00698	NA	EAS	1000g_phase3_wgs	WGS	GRCh38
HG00699	NA	EAS	1000g_phase3_wgs	WGS	GRCh38
HG00701	NA	EAS	1000g_phase3_wgs	WGS	GRCh38
HG00704	NA	EAS	1000g_phase3_wgs	WGS	GRCh38
HG00705	NA	EAS	1000g_phase3_wgs	WGS	GRCh38
HG00707	NA	EAS	1000g_phase3_wgs	WGS	GRCh38
HG00708	NA	EAS	1000g_phase3_wgs	WGS	GRCh38
HG00717	NA	EAS	1000g_phase3_wgs	WGS	GRCh38
HG00728	NA	EAS	1000g_phase3_wgs	WGS	GRCh38
HG00729	NA	EAS	1000g_phase3_wgs	WGS	GRCh38
HG00759	NA	EAS	1000g_phase3_wgs	WGS	GRCh38
HG00766	NA	EAS	1000g_phase3_wgs	WGS	GRCh38
HG00844	NA	EAS	1000g_phase3_wgs	WGS	GRCh38
HG00851	NA	EAS	1000g_phase3_wgs	WGS	GRCh38
HG00864	NA	EAS	1000g_phase3_wgs	WGS	GRCh38
HG00867	NA	EAS	1000g_phase3_wgs	WGS	GRCh38
HG00879	NA	EAS	1000g_phase3_wgs	WGS	GRCh38
HG00881	NA	EAS	1000g_phase3_wgs	WGS	GRCh38
HG00956	NA	EAS	1000g_phase3_wgs	WGS	GRCh38
HG00978	NA	EAS	1000g_phase3_wgs	WGS	GRCh38
HG00982	NA	EAS	1000g_phase3_wgs	WGS	GRCh38
HG01028	NA	EAS	1000g_phase3_wgs	WGS	GRCh38
HG01029	NA	EAS	1000g_phase3_wgs	WGS	GRCh38
HG01031	NA	EAS	1000g_phase3_wgs	WGS	GRCh38
HG01046	NA	EAS	1000g_phase3_wgs	WGS	GRCh38
HG01595	NA	EAS	1000g_phase3_wgs	WGS	GRCh38
HG01596	NA	EAS	1000g_phase3_wgs	WGS	GRCh38
HG01597	NA	EAS	1000g_phase3_wgs	WGS	GRCh38
HG01598	NA	EAS	1000g_phase3_wgs	WGS	GRCh38
HG01599	NA	EAS	1000g_phase3_wgs	WGS	GRCh38
HG01600	NA	EAS	1000g_phase3_wgs	WGS	GRCh38
HG01794	NA	EAS	1000g_phase3_wgs	WGS	GRCh38
HG01795	NA	EAS	1000g_phase3_wgs	WGS	GRCh38
HG01796	NA	EAS	1000g_phase3_wgs	WGS	GRCh38
HG01797	NA	EAS	1000g_phase3_wgs	WGS	GRCh38
HG01798	NA	EAS	1000g_phase3_wgs	WGS	GRCh38
HG01799	NA	EAS	1000g_phase3_wgs	WGS	GRCh38
HG01800	NA	EAS	1000g_phase3_wgs	WGS	GRCh38
HG01801	NA	EAS	1000g_phase3_wgs	WGS	GRCh38
HG01802	NA	EAS	1000g_phase3_wgs	WGS	GRCh38
HG01804	NA	EAS	1000g_phase3_wgs	WGS	GRCh38
HG01805	NA	EAS	1000g_phase3_wgs	WGS	GRCh38
HG01806	NA	EAS	1000g_phase3_wgs	WGS	GRCh38
HG01807	NA	EAS	1000g_phase3_wgs	WGS	GRCh38
HG01808	NA	EAS	1000g_phase3_wgs	WGS	GRCh38
HG01809	NA	EAS	1000g_phase3_wgs	WGS	GRCh38
HG01810	NA	EAS	1000g_phase3_wgs	WGS	GRCh38
HG01811	NA	EAS	1000g_phase3_wgs	WGS	GRCh38
HG01812	NA	EAS	1000g_phase3_wgs	WGS	GRCh38
HG01813	NA	EAS	1000g_phase3_wgs	WGS	GRCh38
HG01815	NA	EAS	1000g_phase3_wgs	WGS	GRCh38
HG01816	NA	EAS	1000g_phase3_wgs	WGS	GRCh38
HG01817	NA	EAS	1000g_phase3_wgs	WGS	GRCh38
HG01840	NA	EAS	1000g_phase3_wgs	WGS	GRCh38
HG01841	NA	EAS	1000g_phase3_wgs	WGS	GRCh38
HG01842	NA	EAS	1000g_phase3_wgs	WGS	GRCh38
HG01843	NA	EAS	1000g_phase3_wgs	WGS	GRCh38
HG01844	NA	EAS	1000g_phase3_wgs	WGS	GRCh38
HG01845	NA	EAS	1000g_phase3_wgs	WGS	GRCh38
HG01846	NA	EAS	1000g_phase3_wgs	WGS	GRCh38
HG01847	NA	EAS	1000g_phase3_wgs	WGS	GRCh38
HG01848	NA	EAS	1000g_phase3_wgs	WGS	GRCh38
HG01849	NA	EAS	1000g_phase3_wgs	WGS	GRCh38
HG01850	NA	EAS	1000g_phase3_wgs	WGS	GRCh38
HG01851	NA	EAS	1000g_phase3_wgs	WGS	GRCh38
HG01852	NA	EAS	1000g_phase3_wgs	WGS	GRCh38
HG01853	NA	EAS	1000g_phase3_wgs	WGS	GRCh38
HG01855	NA	EAS	1000g_phase3_wgs	WGS	GRCh38
HG01857	NA	EAS	1000g_phase3_wgs	WGS	GRCh38
HG01858	NA	EAS	1000g_phase3_wgs	WGS	GRCh38
HG01859	NA	EAS	1000g_phase3_wgs	WGS	GRCh38
HG01860	NA	EAS	1000g_phase3_wgs	WGS	GRCh38
HG01861	NA	EAS	1000g_phase3_wgs	WGS	GRCh38
HG01862	NA	EAS	1000g_phase3_wgs	WGS	GRCh38
HG01863	NA	EAS	1000g_phase3_wgs	WGS	GRCh38
HG01864	NA	EAS	1000g_phase3_wgs	WGS	GRCh38
HG01865	NA	EAS	1000g_phase3_wgs	WGS	GRCh38
HG01866	NA	EAS	1000g_phase3_wgs	WGS	GRCh38
HG01867	NA	EAS	1000g_phase3_wgs	WGS	GRCh38
HG01868	NA	EAS	1000g_phase3_wgs	WGS	GRCh38
HG01869	NA	EAS	1000g_phase3_wgs	WGS	GRCh38
HG01870	NA	EAS	1000g_phase3_wgs	WGS	GRCh38
HG01871	NA	EAS	1000g_phase3_wgs	WGS	GRCh38
HG01872	NA	EAS	1000g_phase3_wgs	WGS	GRCh38
HG01873	NA	EAS	1000g_phase3_wgs	WGS	GRCh38
HG01874	NA	EAS	1000g_phase3_wgs	WGS	GRCh38
HG01878	NA	EAS	1000g_phase3_wgs	WGS	GRCh38
HG02016	NA	EAS	1000g_phase3_wgs	WGS	GRCh38
HG02017	NA	EAS	1000g_phase3_wgs	WGS	GRCh38
HG02019	NA	EAS	1000g_phase3_wgs	WGS	GRCh38
HG02020	NA	EAS	1000g_phase3_wgs	WGS	GRCh38
HG02023	NA	EAS	1000g_phase3_wgs	WGS	GRCh38
HG02025	NA	EAS	1000g_phase3_wgs	WGS	GRCh38
HG02026	NA	EAS	1000g_phase3_wgs	WGS	GRCh38
HG02028	NA	EAS	1000g_phase3_wgs	WGS	GRCh38
HG02029	NA	EAS	1000g_phase3_wgs	WGS	GRCh38
HG02031	NA	EAS	1000g_phase3_wgs	WGS	GRCh38
HG02032	NA	EAS	1000g_phase3_wgs	WGS	GRCh38
HG02035	NA	EAS	1000g_phase3_wgs	WGS	GRCh38
HG02040	NA	EAS	1000g_phase3_wgs	WGS	GRCh38
HG02047	NA	EAS	1000g_phase3_wgs	WGS	GRCh38
HG02048	NA	EAS	1000g_phase3_wgs	WGS	GRCh38
HG02049	NA	EAS	1000g_phase3_wgs	WGS	GRCh38
HG02050	NA	EAS	1000g_phase3_wgs	WGS	GRCh38
HG02057	NA	EAS	1000g_phase3_wgs	WGS	GRCh38
HG02058	NA	EAS	1000g_phase3_wgs	WGS	GRCh38
HG02060	NA	EAS	1000g_phase3_wgs	WGS	GRCh38
HG02061	NA	EAS	1000g_phase3_wgs	WGS	GRCh38
HG02064	NA	EAS	1000g_phase3_wgs	WGS	GRCh38
HG02067	NA	EAS	1000g_phase3_wgs	WGS	GRCh38
HG02069	NA	EAS	1000g_phase3_wgs	WGS	GRCh38
HG02070	NA	EAS	1000g_phase3_wgs	WGS	GRCh38
HG02072	NA	EAS	1000g_phase3_wgs	WGS	GRCh38
HG02073	NA	EAS	1000g_phase3_wgs	WGS	GRCh38
HG02075	NA	EAS	1000g_phase3_wgs	WGS	GRCh38
HG02076	NA	EAS	1000g_phase3_wgs	WGS	GRCh38
HG02078	NA	EAS	1000g_phase3_wgs	WGS	GRCh38
HG02079	NA	EAS	1000g_phase3_wgs	WGS	GRCh38
HG02081	NA	EAS	1000g_phase3_wgs	WGS	GRCh38
HG02082	NA	EAS	1000g_phase3_wgs	WGS	GRCh38
HG02084	NA	EAS	1000g_phase3_wgs	WGS	GRCh38
HG02085	NA	EAS	1000g_phase3_wgs	WGS	GRCh38
HG02086	NA	EAS	1000g_phase3_wgs	WGS	GRCh38
HG02087	NA	EAS	1000g_phase3_wgs	WGS	GRCh38
HG02088	NA	EAS	1000g_phase3_wgs	WGS	GRCh38
HG02113	NA	EAS	1000g_phase3_wgs	WGS	GRCh38
HG02116	NA	EAS	1000g_phase3_wgs	WGS	GRCh38
HG02121	NA	EAS	1000g_phase3_wgs	WGS	GRCh38
HG02122	NA	EAS	1000g_phase3_wgs	WGS	GRCh38
HG02127	NA	EAS	1000g_phase3_wgs	WGS	GRCh38
HG02128	NA	EAS	1000g_phase3_wgs	WGS	GRCh38
HG02130	NA	EAS	1000g_phase3_wgs	WGS	GRCh38
HG02131	NA	EAS	1000g_phase3_wgs	WGS	GRCh38
HG02133	NA	EAS	1000g_phase3_wgs	WGS	GRCh38
HG02134	NA	EAS	1000g_phase3_wgs	WGS	GRCh38
HG02136	NA	EAS	1000g_phase3_wgs	WGS	GRCh38
HG02137	NA	EAS	1000g_phase3_wgs	WGS	GRCh38
HG02138	NA	EAS	1000g_phase3_wgs	WGS	GRCh38
HG02139	NA	EAS	1000g_phase3_wgs	WGS	GRCh38
HG02140	NA	EAS	1000g_phase3_wgs	WGS	GRCh38
HG02141	NA	EAS	1000g_phase3_wgs	WGS	GRCh38
HG02142	NA	EAS	1000g_phase3_wgs	WGS	GRCh38
HG02151	NA	EAS	1000g_phase3_wgs	WGS	GRCh38
HG02152	NA	EAS	1000g_phase3_wgs	WGS	GRCh38
HG02153	NA	EAS	1000g_phase3_wgs	WGS	GRCh38
HG02154	NA	EAS	1000g_phase3_wgs	WGS	GRCh38
HG02155	NA	EAS	1000g_phase3_wgs	WGS	GRCh38
HG02156	NA	EAS	1000g_phase3_wgs	WGS	GRCh38
HG02164	NA	EAS	1000g_phase3_wgs	WGS	GRCh38
HG02165	NA	EAS	1000g_phase3_wgs	WGS	GRCh38
HG02166	NA	EAS	1000g_phase3_wgs	WGS	GRCh38
HG02178	NA	EAS	1000g_phase3_wgs	WGS	GRCh38
HG02179	NA	EAS	1000g_phase3_wgs	WGS	GRCh38
HG02180	NA	EAS	1000g_phase3_wgs	WGS	GRCh38
HG02181	NA	EAS	1000g_phase3_wgs	WGS	GRCh38
HG02182	NA	EAS	1000g_phase3_wgs	WGS	GRCh38
HG02184	NA	EAS	1000g_phase3_wgs	WGS	GRCh38
HG02185	NA	EAS	1000g_phase3_wgs	WGS	GRCh38
HG02186	NA	EAS	1000g_phase3_wgs	WGS	GRCh38
HG02187	NA	EAS	1000g_phase3_wgs	WGS	GRCh38
HG02188	NA	EAS	1000g_phase3_wgs	WGS	GRCh38
HG02190	NA	EAS	1000g_phase3_wgs	WGS	GRCh38
HG02250	NA	EAS	1000g_phase3_wgs	WGS	GRCh38
HG02351	NA	EAS	1000g_phase3_wgs	WGS	GRCh38
HG02353	NA	EAS	1000g_phase3_wgs	WGS	GRCh38
HG02355	NA	EAS	1000g_phase3_wgs	WGS	GRCh38
HG02356	NA	EAS	1000g_phase3_wgs	WGS	GRCh38
HG02360	NA	EAS	1000g_phase3_wgs	WGS	GRCh38
HG02364	NA	EAS	1000g_phase3_wgs	WGS	GRCh38
HG02367	NA	EAS	1000g_phase3_wgs	WGS	GRCh38
HG02371	NA	EAS	1000g_phase3_wgs	WGS	GRCh38
HG02373	NA	EAS	1000g_phase3_wgs	WGS	GRCh38
HG02374	NA	EAS	1000g_phase3_wgs	WGS	GRCh38
HG02375	NA	EAS	1000g_phase3_wgs	WGS	GRCh38
HG02379	NA	EAS	1000g_phase3_wgs	WGS	GRCh38
HG02380	NA	EAS	1000g_phase3_wgs	WGS	GRCh38
HG02382	NA	EAS	1000g_phase3_wgs	WGS	GRCh38
HG02383	NA	EAS	1000g_phase3_wgs	WGS	GRCh38
HG02384	NA	EAS	1000g_phase3_wgs	WGS	GRCh38
HG02385	NA	EAS	1000g_phase3_wgs	WGS	GRCh38
HG02386	NA	EAS	1000g_phase3_wgs	WGS	GRCh38
HG02389	NA	EAS	1000g_phase3_wgs	WGS	GRCh38
HG02390	NA	EAS	1000g_phase3_wgs	WGS	GRCh38
HG02391	NA	EAS	1000g_phase3_wgs	WGS	GRCh38
HG02392	NA	EAS	1000g_phase3_wgs	WGS	GRCh38
HG02394	NA	EAS	1000g_phase3_wgs	WGS	GRCh38
HG02395	NA	EAS	1000g_phase3_wgs	WGS	GRCh38
HG02396	NA	EAS	1000g_phase3_wgs	WGS	GRCh38
HG02397	NA	EAS	1000g_phase3_wgs	WGS	GRCh38
HG02398	NA	EAS	1000g_phase3_wgs	WGS	GRCh38
HG02399	NA	EAS	1000g_phase3_wgs	WGS	GRCh38
HG02401	NA	EAS	1000g_phase3_wgs	WGS	GRCh38
HG02402	NA	EAS	1000g_phase3_wgs	WGS	GRCh38
HG02406	NA	EAS	1000g_phase3_wgs	WGS	GRCh38
HG02407	NA	EAS	1000g_phase3_wgs	WGS	GRCh38
HG02408	NA	EAS	1000g_phase3_wgs	WGS	GRCh38
HG02409	NA	EAS	1000g_phase3_wgs	WGS	GRCh38
HG02410	NA	EAS	1000g_phase3_wgs	WGS	GRCh38
HG02512	NA	EAS	1000g_phase3_wgs	WGS	GRCh38
HG02513	NA	EAS	1000g_phase3_wgs	WGS	GRCh38
HG02521	NA	EAS	1000g_phase3_wgs	WGS	GRCh38
HG02522	NA	EAS	1000g_phase3_wgs	WGS	GRCh38
HG02524	NA	EAS	1000g_phase3_wgs	WGS	GRCh38
HG02525	NA	EAS	1000g_phase3_wgs	WGS	GRCh38
NA18525	NA	EAS	1000g_phase3_wgs	WGS	GRCh38
NA18526	NA	EAS	1000g_phase3_wgs	WGS	GRCh38
NA18528	NA	EAS	1000g_phase3_wgs	WGS	GRCh38
NA18530	NA	EAS	1000g_phase3_wgs	WGS	GRCh38
NA18531	NA	EAS	1000g_phase3_wgs	WGS	GRCh38
NA18532	NA	EAS	1000g_phase3_wgs	WGS	GRCh38
NA18533	NA	EAS	1000g_phase3_wgs	WGS	GRCh38
NA18534	NA	EAS	1000g_phase3_wgs	WGS	GRCh38
NA18535	NA	EAS	1000g_phase3_wgs	WGS	GRCh38
NA18536	NA	EAS	1000g_phase3_wgs	WGS	GRCh38
NA18537	NA	EAS	1000g_phase3_wgs	WGS	GRCh38
NA18538	NA	EAS	1000g_phase3_wgs	WGS	GRCh38
NA18539	NA	EAS	1000g_phase3_wgs	WGS	GRCh38
NA18541	NA	EAS	1000g_phase3_wgs	WGS	GRCh38
NA18542	NA	EAS	1000g_phase3_wgs	WGS	GRCh38
NA18543	NA	EAS	1000g_phase3_wgs	WGS	GRCh38
NA18544	NA	EAS	1000g_phase3_wgs	WGS	GRCh38
NA18545	NA	EAS	1000g_phase3_wgs	WGS	GRCh38
NA18546	NA	EAS	1000g_phase3_wgs	WGS	GRCh38
NA18547	NA	EAS	1000g_phase3_wgs	WGS	GRCh38
NA18548	NA	EAS	1000g_phase3_wgs	WGS	GRCh38
NA18549	NA	EAS	1000g_phase3_wgs	WGS	GRCh38
NA18550	NA	EAS	1000g_phase3_wgs	WGS	GRCh38
NA18552	NA	EAS	1000g_phase3_wgs	WGS	GRCh38
NA18553	NA	EAS	1000g_phase3_wgs	WGS	GRCh38
NA18555	NA	EAS	1000g_phase3_wgs	WGS	GRCh38
NA18557	NA	EAS	1000g_phase3_wgs	WGS	GRCh38
NA18558	NA	EAS	1000g_phase3_wgs	WGS	GRCh38
NA18559	NA	EAS	1000g_phase3_wgs	WGS	GRCh38
NA18560	NA	EAS	1000g_phase3_wgs	WGS	GRCh38
NA18561	NA	EAS	1000g_phase3_wgs	WGS	GRCh38
NA18562	NA	EAS	1000g_phase3_wgs	WGS	GRCh38
NA18563	NA	EAS	1000g_phase3_wgs	WGS	GRCh38
NA18564	NA	EAS	1000g_phase3_wgs	WGS	GRCh38
NA18565	NA	EAS	1000g_phase3_wgs	WGS	GRCh38
NA18566	NA	EAS	1000g_phase3_wgs	WGS	GRCh38
NA18567	NA	EAS	1000g_phase3_wgs	WGS	GRCh38
NA18570	NA	EAS	1000g_phase3_wgs	WGS	GRCh38
NA18571	NA	EAS	1000g_phase3_wgs	WGS	GRCh38
NA18572	NA	EAS	1000g_phase3_wgs	WGS	GRCh38
NA18573	NA	EAS	1000g_phase3_wgs	WGS	GRCh38
NA18574	NA	EAS	1000g_phase3_wgs	WGS	GRCh38
NA18577	NA	EAS	1000g_phase3_wgs	WGS	GRCh38
NA18579	NA	EAS	1000g_phase3_wgs	WGS	GRCh38
NA18582	NA	EAS	1000g_phase3_wgs	WGS	GRCh38
NA18591	NA	EAS	1000g_phase3_wgs	WGS	GRCh38
NA18592	NA	EAS	1000g_phase3_wgs	WGS	GRCh38
NA18593	NA	EAS	1000g_phase3_wgs	WGS	GRCh38
NA18595	NA	EAS	1000g_phase3_wgs	WGS	GRCh38
NA18596	NA	EAS	1000g_phase3_wgs	WGS	GRCh38
NA18597	NA	EAS	1000g_phase3_wgs	WGS	GRCh38
NA18599	NA	EAS	1000g_phase3_wgs	WGS	GRCh38
NA18602	NA	EAS	1000g_phase3_wgs	WGS	GRCh38
NA18603	NA	EAS	1000g_phase3_wgs	WGS	GRCh38
NA18605	NA	EAS	1000g_phase3_wgs	WGS	GRCh38
NA18606	NA	EAS	1000g_phase3_wgs	WGS	GRCh38
NA18608	NA	EAS	1000g_phase3_wgs	WGS	GRCh38
NA18609	NA	EAS	1000g_phase3_wgs	WGS	GRCh38
NA18610	NA	EAS	1000g_phase3_wgs	WGS	GRCh38
NA18611	NA	EAS	1000g_phase3_wgs	WGS	GRCh38
NA18612	NA	EAS	1000g_phase3_wgs	WGS	GRCh38
NA18613	NA	EAS	1000g_phase3_wgs	WGS	GRCh38
NA18614	NA	EAS	1000g_phase3_wgs	WGS	GRCh38
NA18615	NA	EAS	1000g_phase3_wgs	WGS	GRCh38
NA18616	NA	EAS	1000g_phase3_wgs	WGS	GRCh38
NA18617	NA	EAS	1000g_phase3_wgs	WGS	GRCh38
NA18618	NA	EAS	1000g_phase3_wgs	WGS	GRCh38
NA18619	NA	EAS	1000g_phase3_wgs	WGS	GRCh38
NA18620	NA	EAS	1000g_phase3_wgs	WGS	GRCh38
NA18621	NA	EAS	1000g_phase3_wgs	WGS	GRCh38
NA18622	NA	EAS	1000g_phase3_wgs	WGS	GRCh38
NA18623	NA	EAS	1000g_phase3_wgs	WGS	GRCh38
NA18624	NA	EAS	1000g_phase3_wgs	WGS	GRCh38
NA18625	NA	EAS	1000g_phase3_wgs	WGS	GRCh38
NA18626	NA	EAS	1000g_phase3_wgs	WGS	GRCh38
NA18627	NA	EAS	1000g_phase3_wgs	WGS	GRCh38
NA18628	NA	EAS	1000g_phase3_wgs	WGS	GRCh38
NA18629	NA	EAS	1000g_phase3_wgs	WGS	GRCh38
NA18630	NA	EAS	1000g_phase3_wgs	WGS	GRCh38
NA18631	NA	EAS	1000g_phase3_wgs	WGS	GRCh38
NA18632	NA	EAS	1000g_phase3_wgs	WGS	GRCh38
NA18633	NA	EAS	1000g_phase3_wgs	WGS	GRCh38
NA18634	NA	EAS	1000g_phase3_wgs	WGS	GRCh38
NA18635	NA	EAS	1000g_phase3_wgs	WGS	GRCh38
NA18636	NA	EAS	1000g_phase3_wgs	WGS	GRCh38
NA18637	NA	EAS	1000g_phase3_wgs	WGS	GRCh38
NA18638	NA	EAS	1000g_phase3_wgs	WGS	GRCh38
NA18639	NA	EAS	1000g_phase3_wgs	WGS	GRCh38
NA18640	NA	EAS	1000g_phase3_wgs	WGS	GRCh38
NA18641	NA	EAS	1000g_phase3_wgs	WGS	GRCh38
NA18642	NA	EAS	1000g_phase3_wgs	WGS	GRCh38
NA18643	NA	EAS	1000g_phase3_wgs	WGS	GRCh38
NA18644	NA	EAS	1000g_phase3_wgs	WGS	GRCh38
NA18645	NA	EAS	1000g_phase3_wgs	WGS	GRCh38
NA18646	NA	EAS	1000g_phase3_wgs	WGS	GRCh38
NA18647	NA	EAS	1000g_phase3_wgs	WGS	GRCh38
NA18648	NA	EAS	1000g_phase3_wgs	WGS	GRCh38
NA18740	NA	EAS	1000g_phase3_wgs	WGS	GRCh38
NA18745	NA	EAS	1000g_phase3_wgs	WGS	GRCh38
NA18747	NA	EAS	1000g_phase3_wgs	WGS	GRCh38
NA18748	NA	EAS	1000g_phase3_wgs	WGS	GRCh38
NA18749	NA	EAS	1000g_phase3_wgs	WGS	GRCh38
NA18757	NA	EAS	1000g_phase3_wgs	WGS	GRCh38
NA18939	NA	EAS	1000g_phase3_wgs	WGS	GRCh38
NA18940	NA	EAS	1000g_phase3_wgs	WGS	GRCh38
NA18941	NA	EAS	1000g_phase3_wgs	WGS	GRCh38
NA18942	NA	EAS	1000g_phase3_wgs	WGS	GRCh38
NA18943	NA	EAS	1000g_phase3_wgs	WGS	GRCh38
NA18944	NA	EAS	1000g_phase3_wgs	WGS	GRCh38
NA18945	NA	EAS	1000g_phase3_wgs	WGS	GRCh38
NA18946	NA	EAS	1000g_phase3_wgs	WGS	GRCh38
NA18947	NA	EAS	1000g_phase3_wgs	WGS	GRCh38
NA18948	NA	EAS	1000g_phase3_wgs	WGS	GRCh38
NA18949	NA	EAS	1000g_phase3_wgs	WGS	GRCh38
NA18950	NA	EAS	1000g_phase3_wgs	WGS	GRCh38
NA18951	NA	EAS	1000g_phase3_wgs	WGS	GRCh38
NA18952	NA	EAS	1000g_phase3_wgs	WGS	GRCh38
NA18953	NA	EAS	1000g_phase3_wgs	WGS	GRCh38
NA18954	NA	EAS	1000g_phase3_wgs	WGS	GRCh38
NA18956	NA	EAS	1000g_phase3_wgs	WGS	GRCh38
NA18957	NA	EAS	1000g_phase3_wgs	WGS	GRCh38
NA18959	NA	EAS	1000g_phase3_wgs	WGS	GRCh38
NA18960	NA	EAS	1000g_phase3_wgs	WGS	GRCh38
NA18961	NA	EAS	1000g_phase3_wgs	WGS	GRCh38
NA18962	NA	EAS	1000g_phase3_wgs	WGS	GRCh38
NA18963	NA	EAS	1000g_phase3_wgs	WGS	GRCh38
NA18964	NA	EAS	1000g_phase3_wgs	WGS	GRCh38
NA18965	NA	EAS	1000g_phase3_wgs	WGS	GRCh38
NA18966	NA	EAS	1000g_phase3_wgs	WGS	GRCh38
NA18967	NA	EAS	1000g_phase3_wgs	WGS	GRCh38
NA18968	NA	EAS	1000g_phase3_wgs	WGS	GRCh38
NA18969	NA	EAS	1000g_phase3_wgs	WGS	GRCh38
NA18970	NA	EAS	1000g_phase3_wgs	WGS	GRCh38
NA18971	NA	EAS	1000g_phase3_wgs	WGS	GRCh38
NA18972	NA	EAS	1000g_phase3_wgs	WGS	GRCh38
NA18973	NA	EAS	1000g_phase3_wgs	WGS	GRCh38
NA18974	NA	EAS	1000g_phase3_wgs	WGS	GRCh38
NA18975	NA	EAS	1000g_phase3_wgs	WGS	GRCh38
NA18976	NA	EAS	1000g_phase3_wgs	WGS	GRCh38
NA18977	NA	EAS	1000g_phase3_wgs	WGS	GRCh38
NA18978	NA	EAS	1000g_phase3_wgs	WGS	GRCh38
NA18979	NA	EAS	1000g_phase3_wgs	WGS	GRCh38
NA18980	NA	EAS	1000g_phase3_wgs	WGS	GRCh38
NA18981	NA	EAS	1000g_phase3_wgs	WGS	GRCh38
NA18982	NA	EAS	1000g_phase3_wgs	WGS	GRCh38
NA18983	NA	EAS	1000g_phase3_wgs	WGS	GRCh38
NA18984	NA	EAS	1000g_phase3_wgs	WGS	GRCh38
NA18985	NA	EAS	1000g_phase3_wgs	WGS	GRCh38
NA18986	NA	EAS	1000g_phase3_wgs	WGS	GRCh38
NA18987	NA	EAS	1000g_phase3_wgs	WGS	GRCh38
NA18988	NA	EAS	1000g_phase3_wgs	WGS	GRCh38
NA18989	NA	EAS	1000g_phase3_wgs	WGS	GRCh38
NA18990	NA	EAS	1000g_phase3_wgs	WGS	GRCh38
NA18991	NA	EAS	1000g_phase3_wgs	WGS	GRCh38
NA18992	NA	EAS	1000g_phase3_wgs	WGS	GRCh38
NA18993	NA	EAS	1000g_phase3_wgs	WGS	GRCh38
NA18994	NA	EAS	1000g_phase3_wgs	WGS	GRCh38
NA18995	NA	EAS	1000g_phase3_wgs	WGS	GRCh38
NA18997	NA	EAS	1000g_phase3_wgs	WGS	GRCh38
NA18998	NA	EAS	1000g_phase3_wgs	WGS	GRCh38
NA18999	NA	EAS	1000g_phase3_wgs	WGS	GRCh38
NA19000	NA	EAS	1000g_phase3_wgs	WGS	GRCh38
NA19001	NA	EAS	1000g_phase3_wgs	WGS	GRCh38
NA19002	NA	EAS	1000g_phase3_wgs	WGS	GRCh38
NA19003	NA	EAS	1000g_phase3_wgs	WGS	GRCh38
NA19004	NA	EAS	1000g_phase3_wgs	WGS	GRCh38
NA19005	NA	EAS	1000g_phase3_wgs	WGS	GRCh38
NA19006	NA	EAS	1000g_phase3_wgs	WGS	GRCh38
NA19007	NA	EAS	1000g_phase3_wgs	WGS	GRCh38
NA19009	NA	EAS	1000g_phase3_wgs	WGS	GRCh38
NA19010	NA	EAS	1000g_phase3_wgs	WGS	GRCh38
NA19011	NA	EAS	1000g_phase3_wgs	WGS	GRCh38
NA19012	NA	EAS	1000g_phase3_wgs	WGS	GRCh38
NA19054	NA	EAS	1000g_phase3_wgs	WGS	GRCh38
NA19055	NA	EAS	1000g_phase3_wgs	WGS	GRCh38
NA19056	NA	EAS	1000g_phase3_wgs	WGS	GRCh38
NA19057	NA	EAS	1000g_phase3_wgs	WGS	GRCh38
NA19058	NA	EAS	1000g_phase3_wgs	WGS	GRCh38
NA19059	NA	EAS	1000g_phase3_wgs	WGS	GRCh38
NA19060	NA	EAS	1000g_phase3_wgs	WGS	GRCh38
NA19062	NA	EAS	1000g_phase3_wgs	WGS	GRCh38
NA19063	NA	EAS	1000g_phase3_wgs	WGS	GRCh38
NA19064	NA	EAS	1000g_phase3_wgs	WGS	GRCh38
NA19065	NA	EAS	1000g_phase3_wgs	WGS	GRCh38
NA19066	NA	EAS	1000g_phase3_wgs	WGS	GRCh38
NA19067	NA	EAS	1000g_phase3_wgs	WGS	GRCh38
NA19068	NA	EAS	1000g_phase3_wgs	WGS	GRCh38
NA19070	NA	EAS	1000g_phase3_wgs	WGS	GRCh38
NA19072	NA	EAS	1000g_phase3_wgs	WGS	GRCh38
NA19074	NA	EAS	1000g_phase3_wgs	WGS	GRCh38
NA19075	NA	EAS	1000g_phase3_wgs	WGS	GRCh38
NA19076	NA	EAS	1000g_phase3_wgs	WGS	GRCh38
NA19077	NA	EAS	1000g_phase3_wgs	WGS	GRCh38
NA19078	NA	EAS	1000g_phase3_wgs	WGS	GRCh38
NA19079	NA	EAS	1000g_phase3_wgs	WGS	GRCh38
NA19080	NA	EAS	1000g_phase3_wgs	WGS	GRCh38
NA19081	NA	EAS	1000g_phase3_wgs	WGS	GRCh38
NA19082	NA	EAS	1000g_phase3_wgs	WGS	GRCh38
NA19083	NA	EAS	1000g_phase3_wgs	WGS	GRCh38
NA19084	NA	EAS	1000g_phase3_wgs	WGS	GRCh38
NA19085	NA	EAS	1000g_phase3_wgs	WGS	GRCh38
NA19086	NA	EAS	1000g_phase3_wgs	WGS	GRCh38
NA19087	NA	EAS	1000g_phase3_wgs	WGS	GRCh38
NA19088	NA	EAS	1000g_phase3_wgs	WGS	GRCh38
NA19089	NA	EAS	1000g_phase3_wgs	WGS	GRCh38
NA19090	NA	EAS	1000g_phase3_wgs	WGS	GRCh38
NA19091	NA	EAS	1000g_phase3_wgs	WGS	GRCh38
HGDP01189	NA	EAS	hgdp_highcov_wgs	WGS	GRCh38
HGDP01216	NA	EAS	hgdp_highcov_wgs	WGS	GRCh38
HGDP01244	NA	EAS	hgdp_highcov_wgs	WGS	GRCh38
HGDP01243	NA	EAS	hgdp_highcov_wgs	WGS	GRCh38
HGDP01096	NA	EAS	hgdp_highcov_wgs	WGS	GRCh38
HGDP00711	NA	EAS	hgdp_highcov_wgs	WGS	GRCh38
HGDP00948	NA	EAS	hgdp_highcov_wgs	WGS	GRCh38
HGDP00714	NA	EAS	hgdp_highcov_wgs	WGS	GRCh38
HGDP00945	NA	EAS	hgdp_highcov_wgs	WGS	GRCh38
HGDP00947	NA	EAS	hgdp_highcov_wgs	WGS	GRCh38
HGDP01192	NA	EAS	hgdp_highcov_wgs	WGS	GRCh38
HGDP01225	NA	EAS	hgdp_highcov_wgs	WGS	GRCh38
HGDP01190	NA	EAS	hgdp_highcov_wgs	WGS	GRCh38
HGDP00781	NA	EAS	hgdp_highcov_wgs	WGS	GRCh38
HGDP00782	NA	EAS	hgdp_highcov_wgs	WGS	GRCh38
HGDP01245	NA	EAS	hgdp_highcov_wgs	WGS	GRCh38
HGDP00820	NA	EAS	hgdp_highcov_wgs	WGS	GRCh38
HGDP01214	NA	EAS	hgdp_highcov_wgs	WGS	GRCh38
HGDP01186	NA	EAS	hgdp_highcov_wgs	WGS	GRCh38
HGDP01310	NA	EAS	hgdp_highcov_wgs	WGS	GRCh38
HGDP00821	NA	EAS	hgdp_highcov_wgs	WGS	GRCh38
HGDP00777	NA	EAS	hgdp_highcov_wgs	WGS	GRCh38
HGDP01327	NA	EAS	hgdp_highcov_wgs	WGS	GRCh38
HGDP01099	NA	EAS	hgdp_highcov_wgs	WGS	GRCh38
HGDP00972	NA	EAS	hgdp_highcov_wgs	WGS	GRCh38
HGDP01313	NA	EAS	hgdp_highcov_wgs	WGS	GRCh38
HGDP00813	NA	EAS	hgdp_highcov_wgs	WGS	GRCh38
HGDP00814	NA	EAS	hgdp_highcov_wgs	WGS	GRCh38
HGDP00971	NA	EAS	hgdp_highcov_wgs	WGS	GRCh38
HGDP01296	NA	EAS	hgdp_highcov_wgs	WGS	GRCh38
HGDP01330	NA	EAS	hgdp_highcov_wgs	WGS	GRCh38
HGDP00812	NA	EAS	hgdp_highcov_wgs	WGS	GRCh38
HGDP01213	NA	EAS	hgdp_highcov_wgs	WGS	GRCh38
HGDP01340	NA	EAS	hgdp_highcov_wgs	WGS	GRCh38
HGDP00811	NA	EAS	hgdp_highcov_wgs	WGS	GRCh38
HGDP01021	NA	EAS	hgdp_highcov_wgs	WGS	GRCh38
HGDP01289	NA	EAS	hgdp_highcov_wgs	WGS	GRCh38
HGDP01023	NA	EAS	hgdp_highcov_wgs	WGS	GRCh38
HGDP00776	NA	EAS	hgdp_highcov_wgs	WGS	GRCh38
HGDP00774	NA	EAS	hgdp_highcov_wgs	WGS	GRCh38
HGDP00815	NA	EAS	hgdp_highcov_wgs	WGS	GRCh38
HGDP00779	NA	EAS	hgdp_highcov_wgs	WGS	GRCh38
HGDP00818	NA	EAS	hgdp_highcov_wgs	WGS	GRCh38
HGDP00784	NA	EAS	hgdp_highcov_wgs	WGS	GRCh38
HGDP01318	NA	EAS	hgdp_highcov_wgs	WGS	GRCh38
HGDP01100	NA	EAS	hgdp_highcov_wgs	WGS	GRCh38
HGDP01290	NA	EAS	hgdp_highcov_wgs	WGS	GRCh38
HGDP00975	NA	EAS	hgdp_highcov_wgs	WGS	GRCh38
HGDP00974	NA	EAS	hgdp_highcov_wgs	WGS	GRCh38
HGDP01196	NA	EAS	hgdp_highcov_wgs	WGS	GRCh38
HGDP00786	NA	EAS	hgdp_highcov_wgs	WGS	GRCh38
HGDP01181	NA	EAS	hgdp_highcov_wgs	WGS	GRCh38
HGDP01354	NA	EAS	hgdp_highcov_wgs	WGS	GRCh38
HGDP01294	NA	EAS	hgdp_highcov_wgs	WGS	GRCh38
HGDP01352	NA	EAS	hgdp_highcov_wgs	WGS	GRCh38
HGDP01348	NA	EAS	hgdp_highcov_wgs	WGS	GRCh38
HGDP01322	NA	EAS	hgdp_highcov_wgs	WGS	GRCh38
HGDP00977	NA	EAS	hgdp_highcov_wgs	WGS	GRCh38
HGDP00780	NA	EAS	hgdp_highcov_wgs	WGS	GRCh38
HGDP01287	NA	EAS	hgdp_highcov_wgs	WGS	GRCh38
HGDP01292	NA	EAS	hgdp_highcov_wgs	WGS	GRCh38
HGDP00976	NA	EAS	hgdp_highcov_wgs	WGS	GRCh38
HGDP01224	NA	EAS	hgdp_highcov_wgs	WGS	GRCh38
HGDP01184	NA	EAS	hgdp_highcov_wgs	WGS	GRCh38
HGDP01334	NA	EAS	hgdp_highcov_wgs	WGS	GRCh38
HGDP01321	NA	EAS	hgdp_highcov_wgs	WGS	GRCh38
HGDP01101	NA	EAS	hgdp_highcov_wgs	WGS	GRCh38
HGDP01353	NA	EAS	hgdp_highcov_wgs	WGS	GRCh38
HGDP00817	NA	EAS	hgdp_highcov_wgs	WGS	GRCh38
HGDP01180	NA	EAS	hgdp_highcov_wgs	WGS	GRCh38
HGDP01195	NA	EAS	hgdp_highcov_wgs	WGS	GRCh38
HGDP01341	NA	EAS	hgdp_highcov_wgs	WGS	GRCh38
HGDP01319	NA	EAS	hgdp_highcov_wgs	WGS	GRCh38
HGDP01311	NA	EAS	hgdp_highcov_wgs	WGS	GRCh38
HGDP01193	NA	EAS	hgdp_highcov_wgs	WGS	GRCh38
HGDP01104	NA	EAS	hgdp_highcov_wgs	WGS	GRCh38
HGDP01187	NA	EAS	hgdp_highcov_wgs	WGS	GRCh38
HGDP01347	NA	EAS	hgdp_highcov_wgs	WGS	GRCh38
HGDP01197	NA	EAS	hgdp_highcov_wgs	WGS	GRCh38
HGDP01349	NA	EAS	hgdp_highcov_wgs	WGS	GRCh38
HGDP01351	NA	EAS	hgdp_highcov_wgs	WGS	GRCh38
HGDP01328	NA	EAS	hgdp_highcov_wgs	WGS	GRCh38
HGDP01295	NA	EAS	hgdp_highcov_wgs	WGS	GRCh38
HGDP01288	NA	EAS	hgdp_highcov_wgs	WGS	GRCh38
HGDP01329	NA	EAS	hgdp_highcov_wgs	WGS	GRCh38
HGDP00747	NA	EAS	hgdp_highcov_wgs	WGS	GRCh38
HGDP01293	NA	EAS	hgdp_highcov_wgs	WGS	GRCh38
HGDP00973	NA	EAS	hgdp_highcov_wgs	WGS	GRCh38
HGDP00762	NA	EAS	hgdp_highcov_wgs	WGS	GRCh38
HGDP01185	NA	EAS	hgdp_highcov_wgs	WGS	GRCh38
HGDP01331	NA	EAS	hgdp_highcov_wgs	WGS	GRCh38
HGDP01103	NA	EAS	hgdp_highcov_wgs	WGS	GRCh38
HGDP01317	NA	EAS	hgdp_highcov_wgs	WGS	GRCh38
HGDP01346	NA	EAS	hgdp_highcov_wgs	WGS	GRCh38
HGDP01342	NA	EAS	hgdp_highcov_wgs	WGS	GRCh38
HGDP01238	NA	EAS	hgdp_highcov_wgs	WGS	GRCh38
HGDP01326	NA	EAS	hgdp_highcov_wgs	WGS	GRCh38
HGDP01356	NA	EAS	hgdp_highcov_wgs	WGS	GRCh38
HGDP00958	NA	EAS	hgdp_highcov_wgs	WGS	GRCh38
HGDP01247	NA	EAS	hgdp_highcov_wgs	WGS	GRCh38
HGDP00766	NA	EAS	hgdp_highcov_wgs	WGS	GRCh38
HGDP01233	NA	EAS	hgdp_highcov_wgs	WGS	GRCh38
HGDP01207	NA	EAS	hgdp_highcov_wgs	WGS	GRCh38
HGDP01336	NA	EAS	hgdp_highcov_wgs	WGS	GRCh38
HGDP00819	NA	EAS	hgdp_highcov_wgs	WGS	GRCh38
HGDP00946	NA	EAS	hgdp_highcov_wgs	WGS	GRCh38
HGDP01332	NA	EAS	hgdp_highcov_wgs	WGS	GRCh38
HGDP01337	NA	EAS	hgdp_highcov_wgs	WGS	GRCh38
HGDP01222	NA	EAS	hgdp_highcov_wgs	WGS	GRCh38
HGDP01291	NA	EAS	hgdp_highcov_wgs	WGS	GRCh38
HGDP01183	NA	EAS	hgdp_highcov_wgs	WGS	GRCh38
HGDP00822	NA	EAS	hgdp_highcov_wgs	WGS	GRCh38
HGDP00755	NA	EAS	hgdp_highcov_wgs	WGS	GRCh38
HGDP00966	NA	EAS	hgdp_highcov_wgs	WGS	GRCh38
HGDP00716	NA	EAS	hgdp_highcov_wgs	WGS	GRCh38
HGDP01182	NA	EAS	hgdp_highcov_wgs	WGS	GRCh38
HGDP01230	NA	EAS	hgdp_highcov_wgs	WGS	GRCh38
HGDP00965	NA	EAS	hgdp_highcov_wgs	WGS	GRCh38
HGDP01194	NA	EAS	hgdp_highcov_wgs	WGS	GRCh38
HGDP00954	NA	EAS	hgdp_highcov_wgs	WGS	GRCh38
HGDP01234	NA	EAS	hgdp_highcov_wgs	WGS	GRCh38
HGDP00712	NA	EAS	hgdp_highcov_wgs	WGS	GRCh38
HGDP00962	NA	EAS	hgdp_highcov_wgs	WGS	GRCh38
HGDP00754	NA	EAS	hgdp_highcov_wgs	WGS	GRCh38
HGDP01232	NA	EAS	hgdp_highcov_wgs	WGS	GRCh38
HGDP01102	NA	EAS	hgdp_highcov_wgs	WGS	GRCh38
HGDP01204	NA	EAS	hgdp_highcov_wgs	WGS	GRCh38
HGDP01206	NA	EAS	hgdp_highcov_wgs	WGS	GRCh38
HGDP00772	NA	EAS	hgdp_highcov_wgs	WGS	GRCh38
HGDP00758	NA	EAS	hgdp_highcov_wgs	WGS	GRCh38
HGDP00765	NA	EAS	hgdp_highcov_wgs	WGS	GRCh38
HGDP00750	NA	EAS	hgdp_highcov_wgs	WGS	GRCh38
HGDP01229	NA	EAS	hgdp_highcov_wgs	WGS	GRCh38
HGDP01237	NA	EAS	hgdp_highcov_wgs	WGS	GRCh38
HGDP00756	NA	EAS	hgdp_highcov_wgs	WGS	GRCh38
HGDP00751	NA	EAS	hgdp_highcov_wgs	WGS	GRCh38
HGDP00828	NA	EAS	hgdp_highcov_wgs	WGS	GRCh38
HGDP00790	NA	EAS	hgdp_highcov_wgs	WGS	GRCh38
HGDP00963	NA	EAS	hgdp_highcov_wgs	WGS	GRCh38
HGDP01221	NA	EAS	hgdp_highcov_wgs	WGS	GRCh38
HGDP01209	NA	EAS	hgdp_highcov_wgs	WGS	GRCh38
HGDP00950	NA	EAS	hgdp_highcov_wgs	WGS	GRCh38
HGDP00719	NA	EAS	hgdp_highcov_wgs	WGS	GRCh38
HGDP01249	NA	EAS	hgdp_highcov_wgs	WGS	GRCh38
HGDP01218	NA	EAS	hgdp_highcov_wgs	WGS	GRCh38
HGDP01251	NA	EAS	hgdp_highcov_wgs	WGS	GRCh38
HGDP00960	NA	EAS	hgdp_highcov_wgs	WGS	GRCh38
HGDP00964	NA	EAS	hgdp_highcov_wgs	WGS	GRCh38
HGDP00771	NA	EAS	hgdp_highcov_wgs	WGS	GRCh38
HGDP00957	NA	EAS	hgdp_highcov_wgs	WGS	GRCh38
HGDP00968	NA	EAS	hgdp_highcov_wgs	WGS	GRCh38
HGDP01220	NA	EAS	hgdp_highcov_wgs	WGS	GRCh38
HGDP01212	NA	EAS	hgdp_highcov_wgs	WGS	GRCh38
HGDP00761	NA	EAS	hgdp_highcov_wgs	WGS	GRCh38
HGDP01205	NA	EAS	hgdp_highcov_wgs	WGS	GRCh38
HGDP01241	NA	EAS	hgdp_highcov_wgs	WGS	GRCh38
HGDP00760	NA	EAS	hgdp_highcov_wgs	WGS	GRCh38
HGDP00961	NA	EAS	hgdp_highcov_wgs	WGS	GRCh38
HGDP00769	NA	EAS	hgdp_highcov_wgs	WGS	GRCh38
HGDP00757	NA	EAS	hgdp_highcov_wgs	WGS	GRCh38
HGDP00952	NA	EAS	hgdp_highcov_wgs	WGS	GRCh38
HGDP01231	NA	EAS	hgdp_highcov_wgs	WGS	GRCh38
HGDP00969	NA	EAS	hgdp_highcov_wgs	WGS	GRCh38
HGDP00764	NA	EAS	hgdp_highcov_wgs	WGS	GRCh38
HGDP00791	NA	EAS	hgdp_highcov_wgs	WGS	GRCh38
HGDP01227	NA	EAS	hgdp_highcov_wgs	WGS	GRCh38
HGDP01236	NA	EAS	hgdp_highcov_wgs	WGS	GRCh38
HGDP00955	NA	EAS	hgdp_highcov_wgs	WGS	GRCh38
HGDP00767	NA	EAS	hgdp_highcov_wgs	WGS	GRCh38
HGDP01248	NA	EAS	hgdp_highcov_wgs	WGS	GRCh38
HGDP00752	NA	EAS	hgdp_highcov_wgs	WGS	GRCh38
HGDP00753	NA	EAS	hgdp_highcov_wgs	WGS	GRCh38
HGDP01217	NA	EAS	hgdp_highcov_wgs	WGS	GRCh38
HGDP00759	NA	EAS	hgdp_highcov_wgs	WGS	GRCh38
HGDP01309	NA	EAS	hgdp_highcov_wgs	WGS	GRCh38
HGDP01239	NA	EAS	hgdp_highcov_wgs	WGS	GRCh38
HGDP00748	NA	EAS	hgdp_highcov_wgs	WGS	GRCh38
HGDP00959	NA	EAS	hgdp_highcov_wgs	WGS	GRCh38
HGDP01302	NA	EAS	hgdp_highcov_wgs	WGS	GRCh38
HGDP00967	NA	EAS	hgdp_highcov_wgs	WGS	GRCh38
